{
  "libARDiscovery": 0.6771140098571777, 
  "ulog": 1.8275539875030518, 
  "libARDataTransfer": 31.00302505493164, 
  "libARStream": 5.009671926498413, 
  "libARController": 0.7994170188903809, 
  "mavlink.git": 0.8431410789489746, 
  "Alchemy": 2.6007909774780273, 
  "Samples": 1.9000890254974365, 
  "libpuf": 1.258117914199829, 
  "ARSDKTools": 7.482325077056885, 
  "libARStream2": 0.742203950881958, 
  "libmux": 1.7225890159606934, 
  "arsdk_products": 1.9425280094146729, 
  "libARSAL": 1.6615300178527832, 
  "libARNetwork": 0.80765700340271, 
  "dragon_build": 1.7217729091644287, 
  "libARUtils": 2.4402079582214355, 
  "apps_tools": 3.196476936340332, 
  "ARSDK3": 0.7641630172729492, 
  "libfutils": 0.8544340133666992, 
  "libpomp": 1.4147801399230957, 
  "libARNetworkAL": 1.8791589736938477, 
  "repo": 1.3842110633850098, 
  "libARUpdater": 12.299823999404907, 
  "libARCommands": 7.47419810295105, 
  "libARMedia": 7.192126989364624, 
  "libtar": 2.2264459133148193, 
  "libsdp": 0.8510160446166992, 
  "ARSDKBuildUtils": 1.8924291133880615, 
  "libARMavlink": 2.024022102355957, 
  "arsdk-xml": 0.6839950084686279, 
  "librtsp": 0.647536039352417
}